token,scene,seed,native_cast_and_identity,native_reason_cast_and_identity,native_pose_and_expression,native_reason_pose_and_expression,native_props_and_source_retention,native_reason_props_and_source_retention,native_facing_and_gaze,native_reason_facing_and_gaze,native_scale_depth_and_grounding,native_reason_scale_depth_and_grounding,native_background_continuity,native_reason_background_continuity,native_native_dialogue,native_reason_native_dialogue,native_integration_quality,native_reason_integration_quality,native_narrative_readability,native_reason_narrative_readability,native_authored_requirements,native_reason_authored_requirements,lettered_cast_and_identity,lettered_reason_cast_and_identity,lettered_pose_and_expression,lettered_reason_pose_and_expression,lettered_props_and_source_retention,lettered_reason_props_and_source_retention,lettered_facing_and_gaze,lettered_reason_facing_and_gaze,lettered_scale_depth_and_grounding,lettered_reason_scale_depth_and_grounding,lettered_background_continuity,lettered_reason_background_continuity,lettered_integration_quality,lettered_reason_integration_quality,lettered_narrative_readability,lettered_reason_narrative_readability,lettered_authored_requirements,lettered_reason_authored_requirements,lettered_lettered_dialogue,lettered_reason_lettered_dialogue,lettering_action,balloon_box,speaker_anchor,lettering_reason
021dcf16,Chapter-01-Standing-in-Wonder,1106,unassessable,Something looks odd about Tsaeytte's head. Does not read clearly as her.,pass,,pass,,pass,,pass,,pass,,pass,,pass,,pass,,pass,,unassessable,Something looks odd about Tsaeytte's head. Does not read clearly as her.,pass,,pass,,pass,,pass,,pass,,pass,,pass,,pass,,pass,,reuse,,,
095420d1,Chapter-03-Collision,1101,pass,,pass,,pass,,pass,,fail,"Kaeldor and schoolboys should be in the foreground and Tsaeytte and Valindia in the midground, behind them. This appears the reverse.",pass,,pass,,pass,,pass,,fail,D,pass,,pass,,pass,,pass,,fail,"Kaeldor and schoolboys should be in the foreground and Tsaeytte and Valindia in the midground, behind them. This appears the reverse.",pass,,pass,,pass,,fail,D,pass,,reuse,,,
0e43c969,Chapter-03-Collision,1101,pass,,fail,Tsaeytte not sitting on ground.,fail,No books,pass,,pass,,pass,,fail,No speech bubble at all,pass,,fail,,fail,,pass,,fail,Tsaeytte not sitting on ground.,fail,No books,pass,,pass,,pass,,pass,,fail,,fail,,pass,Arrow on new bubble is awkwardly constructed.,add,"[0.36895428445229683, 0.49019825746799434, 0.12367491166077739, 0.032716927453769556]","[0.35305322438162545, 0.5229151849217639]",
0fa77a33,Chapter-02-At-the-Arch,1107,pass,,fail,"Tsaeytte and Valindia are on the wrong sides of the screen, they are facing away from each other.",fail,Valindia is carrying books as well as Tsaeytte.,fail,Valindia and Tsaeytte are facing away from each other.,pass,,pass,,fail,,fail,,fail,,fail,,pass,,fail,"Tsaeytte and Valindia are on the wrong sides of the screen, they are facing away from each other.",fail,Valindia is carrying books as well as Tsaeytte.,fail,Valindia and Tsaeytte are facing away from each other.,pass,,pass,,fail,,fail,,fail,,pass,,unsafe,,,
11a8e5ce,Chapter-02-At-the-Arch,1105,fail,A,pass,,pass,,pass,,fail,B,fail,"Seams, poor assembly, A, B",pass,,fail,"Seams, poor assembly, A, B",pass,,fail,,fail,A,pass,,pass,,pass,,fail,B,fail,"Seams, poor assembly, A, B",fail,"Seams, poor assembly, A, B",pass,,fail,,fail,Old bubble still present.,reuse,,,
15c1062e,Chapter-03-Collision,1108,pass,,pass,,pass,,pass,,fail,D and Tsaeytte is too big,pass,,pass,,pass,,pass,,pass,,pass,,pass,,pass,,pass,,fail,D and Tsaeytte is too big,pass,,pass,,pass,,pass,,pass,,reuse,,,
16302c85,Chapter-02-At-the-Arch,1107,fail,A,pass,,pass,,unassessable,,fail,B,fail,Seams,fail,Duplicate speech bubbles over each other,fail,"Seams, artifacts",fail,,fail,,fail,A,pass,,pass,,unassessable,,fail,B,fail,Seams,fail,"Seams, artifacts",fail,,fail,,fail,"Old bubble still present, arrow on new bubble is awkwardly constructed.",replace,"[0.36828512396694213, 0.19091435185185185, 0.10227272727272728, 0.05555555555555555]","[0.35485537190082644, 0.23721064814814816]",
167a2ee6,Chapter-01-Standing-in-Wonder,1101,fail,"Multiple kaeldors and schoolboys, tsaeytte hair missing",pass,,unassessable,,pass,,fail,"schoolboys & kaeldor too far back, floating in air",fail,schoolboys and kaeldor subscene appears duplicated and stacked on top of each other.,pass,,fail,"contact shadodws for tsaeytte are not correct, not even close.",fail,floating kaeldor and subscene do not read as coming towards tsaeytte on the pathway under the arch.,pass,"speaking broadly, meets authored requirements but fails in execution",fail,"Multiple kaeldors and schoolboys, tsaeytte hair missing",pass,,unassessable,,pass,,fail,"schoolboys & kaeldor too far back, floating in air",fail,schoolboys and kaeldor subscene appears duplicated and stacked on top of each other.,fail,"contact shadodws for tsaeytte are not correct, not even close.",fail,floating kaeldor and subscene do not read as coming towards tsaeytte on the pathway under the arch.,pass,"speaking broadly, meets authored requirements but fails in execution",pass,,reuse,,,
18be2d63,Chapter-01-Standing-in-Wonder,1107,fail,"Kaeldor missing, not Tsaeytte's head",pass,,pass,,pass,,pass,,fail,No sky or background above the archway. Foreground is blank,fail,bubble too far from speaker,fail,No sky or background above the archway. Foreground is blank,fail,,fail,,fail,"Kaeldor missing, not Tsaeytte's head",pass,,pass,,pass,,pass,,fail,No sky or background above the archway. Foreground is blank,fail,No sky or background above the archway. Foreground is blank,fail,,fail,,fail,"Old bubble still present, arrow on new bubble is awkwardly constructed.",replace,"[0.4541910980810235, 0.30669896870554764, 0.16844349680170576, 0.06401137980085349]","[0.6247667910447762, 0.3707103485064011]",
1b9df77b,Chapter-01-Standing-in-Wonder,1108,fail,Tsaeytte's head and hair are misshapen.,pass,,pass,,pass,,pass,,fail,Area around Tsaeytte's head is transparent.,pass,,fail,Area around Tsaeytte's head is transparent.,pass,,pass,,fail,Tsaeytte's head and hair are misshapen.,pass,,pass,,pass,,pass,,fail,Area around Tsaeytte's head is transparent.,fail,Area around Tsaeytte's head is transparent.,pass,,pass,,pass,,reuse,,,
1f5a8a3d,Chapter-01-Standing-in-Wonder,1106,fail,E,pass,,pass,,pass,,fail,Tsaeytte too large,fail,E,pass,,fail,E,fail,,fail,,fail,E,pass,,pass,,pass,,fail,Tsaeytte too large,fail,E,fail,E,fail,,fail,,pass,,reuse,,,
1f848f52,Chapter-03-Collision,1106,pass,,fail,Tsaeytte should be facing screen left.,pass,,fail,Tsaeytte should be facing screen left.,fail,Tsaeytte too large.,pass,,fail,no bubble,pass,,pass,,fail,,pass,,fail,Tsaeytte should be facing screen left.,pass,,fail,Tsaeytte should be facing screen left.,fail,Tsaeytte too large.,pass,,pass,,pass,,fail,,pass,Arrow on new bubble is awkwardly constructed.,add,"[0.1339719522968198, 0.4204969772403983, 0.15901060070671377, 0.03698435277382646]","[0.11453732332155477, 0.46032628022759603]",
20afd98f,Chapter-02-At-the-Arch,1104,fail,A,pass,,pass,,pass,,fail,B,fail,"Seams, and B",pass,,fail,A B,pass,,pass,,fail,A,pass,,pass,,pass,,fail,B,fail,"Seams, and B",fail,A B,pass,,pass,,pass,,reuse,,,
22406615,Chapter-02-At-the-Arch,1103,fail,A,pass,,pass,,pass,,fail,B,fail,Seams,pass,,fail,Halos and seams,pass,,fail,,fail,A,pass,,pass,,pass,,fail,B,fail,Seams,fail,Halos and seams,pass,,fail,,fail,Old bubble still present.,reuse,,,
2b04be0b,Chapter-03-Collision,1107,pass,,pass,,fail,No books,pass,,fail,D,pass,,fail,No bubble,pass,,pass,,fail,,pass,,pass,,fail,No books,pass,,fail,D,pass,,pass,,pass,,fail,,pass,Arrow on new bubble is awkwardly constructed.,add,"[0.3548200088339223, 0.433299253200569, 0.14840989399293286, 0.03556187766714083]","[0.3406857332155477, 0.47028360597439545]",
2c114848,Chapter-03-Collision,1102,pass,,pass,,pass,,pass,,fail,Characters don't seem appropriately scaled for distance apart they apparently are. Tsaeytte reads too large mostly.,pass,,pass,,pass,,pass,,pass,,pass,,pass,,pass,,pass,,fail,Characters don't seem appropriately scaled for distance apart they apparently are. Tsaeytte reads too large mostly.,pass,,pass,,pass,,pass,,pass,,reuse,,,
2df5e883,Chapter-03-Collision,1106,pass,,pass,,pass,,pass,,fail,D,pass,,pass,,pass,,pass,,fail,,pass,,pass,,pass,,pass,,fail,D,pass,,pass,,pass,,fail,,pass,,reuse,,,
31583f2e,Chapter-02-At-the-Arch,1105,fail,Extra person in scene,pass,,pass,,pass,,pass,,pass,,pass,"Barely pass - arrow is right, position it a bit too far from Valindia",pass,,pass,,pass,,fail,Extra person in scene,pass,,pass,,pass,,pass,,pass,,pass,,pass,,pass,,pass,,reuse,,,
361ef94d,Chapter-03-Collision,1104,pass,,pass,,pass,,pass,,fail,D,pass,,pass,,pass,,pass,,pass,,pass,,pass,,pass,,pass,,fail,D,pass,,pass,,pass,,pass,,pass,,reuse,,,
3756e4d1,Chapter-02-At-the-Arch,1104,pass,,pass,,pass,,pass,,pass,,pass,,pass,,pass,,pass,,pass,,pass,,pass,,pass,,pass,,pass,,pass,,pass,,pass,,pass,,pass,,reuse,,,
3fde8d79,Chapter-02-At-the-Arch,1106,fail,A,pass,,pass,,pass,,fail,B,fail,"Seams, poor assembly",fail,Duplicate speech bubbles on top of each other.,fail,"Seams, B",pass,,pass,,fail,A,pass,,pass,,pass,,fail,B,fail,"Seams, poor assembly",fail,"Seams, B",pass,,pass,,fail,"Old bubbles still present, arrow on new bubble is awkwardly constructed.",replace,"[0.37241735537190085, 0.1890625, 0.09917355371900827, 0.06851851851851852]","[0.35485537190082644, 0.2427662037037037]",
41fc4aac,Chapter-02-At-the-Arch,1102,fail,Kaeldor and the schoolboys are duplicated and overlaid.,pass,,pass,,fail,Tsaeytte should be facing Valindia,pass,,fail,"Vertical seam in the archway, defects in pathway - Tsaeytte's and part of Valindia's boots are missing, ",pass,,fail,,fail,,fail,,fail,Kaeldor and the schoolboys are duplicated and overlaid.,pass,,pass,,fail,Tsaeytte should be facing Valindia,pass,,fail,"Vertical seam in the archway, defects in pathway - Tsaeytte's and part of Valindia's boots are missing, ",fail,,fail,,fail,,pass,,reuse,,,
438f18d3,Chapter-01-Standing-in-Wonder,1103,pass,,pass,,pass,,pass,,pass,"Kaeldor and the schoolboys might be a little small, but still acceptable.",pass,,pass,,pass,,pass,,pass,,pass,,pass,,pass,,pass,,pass,"Kaeldor and the schoolboys might be a little small, but still acceptable.",pass,,pass,,pass,,pass,,pass,,reuse,,,
446b2c78,Chapter-02-At-the-Arch,1104,pass,,pass,,pass,,pass,,pass,,pass,,pass,,pass,,pass,,pass,,pass,,pass,,pass,,pass,,pass,,pass,,pass,,pass,,pass,,pass,,reuse,,,
44c6ea6f,Chapter-02-At-the-Arch,1103,pass,,pass,,pass,,pass,,pass,,pass,,pass,,fail,Background outside of archway and foreground are missing (white),pass,,pass,,pass,,pass,,pass,,pass,,pass,,pass,,fail,Background outside of archway and foreground are missing (white),pass,,pass,,pass,"Arrow not aimed at speaker's mouth, but can barely pass",reuse,,,
45ecffbd,Chapter-01-Standing-in-Wonder,1103,fail,Tsaeytte's hair is missing,pass,,pass,,pass,,fail,"Kaeldor and Schoolboy subscene is floating, reading as too far back. Tsaeytte appears as a giant given size and proximity to archway.",fail,Kaeldor and Schoolboy subscene ground not integrated into background.,pass,,pass,,fail,Defects overwhelm,fail,Defects overwhelm,fail,Tsaeytte's hair is missing,pass,,pass,,pass,,fail,"Kaeldor and Schoolboy subscene is floating, reading as too far back. Tsaeytte appears as a giant given size and proximity to archway.",fail,Kaeldor and Schoolboy subscene ground not integrated into background.,pass,,fail,Defects overwhelm,fail,Defects overwhelm,pass,,reuse,,,
4894dc7d,Chapter-01-Standing-in-Wonder,1108,pass,,pass,,pass,,pass,,pass,,pass,,pass,,pass,,pass,,pass,Very good on all counts,pass,,pass,,pass,,pass,,pass,,pass,,pass,,pass,,pass,Very good on all counts,pass,,reuse,,,
4ee27f58,Chapter-02-At-the-Arch,1101,pass,,pass,,pass,,fail,Tsaeytte not facing Valindia,fail,Tsaeytte looks like her feet are missing.,fail,"Arch image has discontinuity, ground under Kaeldor and schoolboys is off. Unsure of what is happening to Tsaeytte's feet and where she should be standing, but the whole image looks like a bad assembly of separate images.",fail,It looks like too speech bubbles one on top of the other.,fail,"Many seams, poor clipping around characters.",pass,,pass,,pass,,pass,,pass,,fail,Tsaeytte not facing Valindia,fail,Tsaeytte looks like her feet are missing.,fail,"Arch image has discontinuity, ground under Kaeldor and schoolboys is off. Unsure of what is happening to Tsaeytte's feet and where she should be standing, but the whole image looks like a bad assembly of separate images.",fail,"Many seams, poor clipping around characters.",pass,,pass,,fail,"Old bubbles still present, arrow on new bubble is awkwardly constructed.",replace,"[0.37138429752066116, 0.19461805555555556, 0.10743801652892562, 0.06666666666666667]","[0.3527892561983471, 0.2427662037037037]",
50a3f4cf,Chapter-02-At-the-Arch,1105,fail,Tsaeytte and Valindia merged.,unassessable,,unassessable,,unassessable,,pass,,pass,,fail,Speech bubble arrow not aimed at speaker's mouth,fail,Merged Tsaeytte and Valindia,fail,,fail,,fail,Tsaeytte and Valindia merged.,unassessable,,unassessable,,unassessable,,pass,,pass,,fail,Merged Tsaeytte and Valindia,fail,,fail,,fail,"Old bubble still present, arrow on new bubble is awkwardly constructed.",replace,"[0.2980371900826446, 0.1390625, 0.11466942148760331, 0.07222222222222222]","[0.2618801652892562, 0.19461805555555556]",
50e1b315,Chapter-01-Standing-in-Wonder,1103,pass,,pass,,pass,,pass,,fail,kaeldor and schoolboys too small for apparent distance from Tsaeytte,pass,,fail,"arrow not pointing to Tsaeytte or near her head, words are correct.",pass,,pass,,pass,,pass,,pass,,pass,,pass,,fail,kaeldor and schoolboys too small for apparent distance from Tsaeytte,pass,,pass,,pass,,pass,,pass,,replace,"[0.38382862473347545, 0.27540451635846375, 0.21535181236673773, 0.051209103840682786]","[0.6119736140724946, 0.33372599573257467]",
598fc917,Chapter-03-Collision,1102,pass,,pass,,pass,,pass,,fail,D,pass,,pass,,pass,,pass,,fail,D,pass,,pass,,pass,,pass,,fail,D,pass,,pass,,pass,,fail,D,pass,,reuse,,,
62f61ae2,Chapter-01-Standing-in-Wonder,1105,pass,,pass,,pass,,pass,,fail,Tsaeytte is too far from archway.,pass,,pass,,pass,,pass,,pass,,pass,,pass,,pass,,pass,,fail,Tsaeytte is too far from archway.,pass,,pass,,pass,,pass,,pass,"Okay, but arrow should angle the other way (to the screen right) since the characters head is to the right of where the arrow attaches to the bubble. But the entire bubble is above the character, so it can barely pass.",reuse,,,
64b989fd,Chapter-02-At-the-Arch,1106,pass,,pass,,pass,,pass,,pass,,fail,Whitespace outside of arch and in foreground.,fail,too far from speaker,pass,,pass,,pass,,pass,,pass,,pass,,pass,,pass,,fail,Whitespace outside of arch and in foreground.,pass,,pass,,pass,,fail,"Old bubble still present, arrow on new bubble is awkwardly constructed.",replace,"[0.22882231404958678, 0.19091435185185185, 0.07851239669421488, 0.05925925925925926]","[0.20919421487603307, 0.23721064814814816]",
678460af,Chapter-02-At-the-Arch,1108,fail,"Valindia on wrong side of screen, two Tsaeyttes, one on each side of the screen.",fail,,fail,Valindia seems to have books too.,fail,,pass,,fail,white space outside of archway instead of sky,fail,not in correct place for speaker,fail,"Duplicate characters, missing sky",fail,,fail,,fail,"Valindia on wrong side of screen, two Tsaeyttes, one on each side of the screen.",fail,,fail,Valindia seems to have books too.,fail,,pass,,fail,white space outside of archway instead of sky,fail,"Duplicate characters, missing sky",fail,,fail,,unassessable,"characters in the wrong place, impossible to determine where/who should be saying what.",unsafe,,,
692cc54c,Chapter-03-Collision,1105,pass,,pass,,pass,,pass,,pass,,pass,,pass,,fail,Whitespace between legs and feet.,pass,,pass,,pass,,pass,,pass,,pass,,pass,,pass,,fail,Whitespace between legs and feet.,pass,,pass,,pass,,reuse,,,
6ba331b6,Chapter-03-Collision,1103,pass,,pass,,pass,,pass,,fail,D,pass,,pass,,pass,,pass,,fail,Doesn't read like Kaeldor knocked Tsaeytte over.,pass,,pass,,pass,,pass,,fail,D,pass,,pass,,pass,,fail,Doesn't read like Kaeldor knocked Tsaeytte over.,pass,,reuse,,,
6d3403de,Chapter-01-Standing-in-Wonder,1102,pass,,pass,,pass,,pass,,fail,The schoolboys and Kaeldor are too small given the apparent distance away from Tsaeytte they are.,pass,,pass,,pass,,pass,,pass,,pass,,pass,,pass,,pass,,fail,The schoolboys and Kaeldor are too small given the apparent distance away from Tsaeytte they are.,pass,,pass,,pass,,pass,,pass,,reuse,,,
72e5ff3a,Chapter-01-Standing-in-Wonder,1101,pass,,pass,,pass,,pass,,pass,,pass,,pass,,pass,,pass,,pass,,pass,,pass,,pass,,pass,,pass,,pass,,pass,,pass,,pass,,pass,,reuse,,,
7463d677,Chapter-03-Collision,1103,fail,A,pass,,pass,,pass,,pass,,pass,,pass,,fail,"Whitespace between character legs and feet, seam in ground between Tsaeytte and Kaeldor",pass,,pass,,fail,A,pass,,pass,,pass,,pass,,pass,,fail,"Whitespace between character legs and feet, seam in ground between Tsaeytte and Kaeldor",pass,,pass,,pass,,reuse,,,
7a08872c,Chapter-03-Collision,1106,pass,,pass,,pass,,pass,,pass,,pass,,pass,,fail,Whitespace between legs and feet,pass,,pass,,pass,,pass,,pass,,pass,,pass,,pass,,fail,Whitespace between legs and feet,pass,,pass,,pass,,reuse,,,
7a7a77fe,Chapter-02-At-the-Arch,1107,fail,C,unassessable,,unassessable,,unassessable,,pass,,pass,,pass,,fail,C,fail,,fail,,fail,C,unassessable,,unassessable,,unassessable,,pass,,pass,,fail,C,fail,,fail,,pass,,reuse,,,
7daa6c72,Chapter-01-Standing-in-Wonder,1107,pass,,pass,,pass,,pass,,pass,,pass,,pass,,pass,Text on archway is a little garbled.,pass,,pass,,pass,,pass,,pass,,pass,,pass,,pass,,pass,Text on archway is a little garbled.,pass,,pass,,pass,,reuse,,,
8543f57e,Chapter-02-At-the-Arch,1103,fail,Tsaeytte and Valinda seem to be merged.,pass,,pass,,fail,,pass,,pass,,fail,"wrong location, arrow not pointing to speaker's mouth",fail,Tsaeytte and Valinida not separate characters.,fail,Tsaeytte and Valinida not separate characters.,fail,Tsaeytte and Valinida not separate characters.,fail,Tsaeytte and Valinda seem to be merged.,pass,,pass,,fail,,pass,,pass,,fail,Tsaeytte and Valinida not separate characters.,fail,Tsaeytte and Valinida not separate characters.,fail,Tsaeytte and Valinida not separate characters.,fail,"Old bubble still present, arrow on new bubble is awkwardly constructed.",replace,"[0.4034090909090909, 0.12980324074074073, 0.10020661157024793, 0.07222222222222222]","[0.3806818181818182, 0.20017361111111112]",
87ca2e77,Chapter-01-Standing-in-Wonder,1105,fail,Head of girl is not Tsaeytte,pass,,pass,,pass,,pass,,pass,,pass,,fail,"Foreground is white, not the stone pathway.",pass,,pass,,fail,Head of girl is not Tsaeytte,pass,,pass,,pass,,pass,,pass,,fail,"Foreground is white, not the stone pathway.",pass,,pass,,pass,"Okay, but arrow should angle the other way (to the screen right) since the characters head is to the right of where the arrow attaches to the bubble. But the entire bubble is above the character, so it can barely pass.",reuse,,,
87fd5edc,Chapter-03-Collision,1105,pass,,pass,,pass,,pass,,pass,,pass,,pass,,pass,,pass,,pass,,pass,,pass,,pass,,pass,,pass,,pass,,pass,,pass,,pass,,pass,,reuse,,,
8da81d09,Chapter-01-Standing-in-Wonder,1104,fail,E,pass,,pass,,pass,,fail,Tsaeytte too large,fail,E,pass,,fail,E,fail,,fail,,fail,E,pass,,pass,,pass,,fail,Tsaeytte too large,fail,E,fail,E,fail,,fail,,pass,,reuse,,,
8f27ef5e,Chapter-01-Standing-in-Wonder,1104,pass,,pass,,pass,,pass,,fail,Tsaeytte is too far from archway.,pass,,pass,,pass,,pass,,pass,,pass,,pass,,pass,,pass,,fail,Tsaeytte is too far from archway.,pass,,pass,,pass,,pass,,pass,,reuse,,,
920c55c4,Chapter-01-Standing-in-Wonder,1102,pass,,pass,,pass,,pass,,pass,"Not as good as others, kaeldor and school boys too small, tsaeytte too small, but not unrealisticly so.",pass,,pass,,pass,,pass,,pass,,pass,,pass,,pass,,pass,,pass,"Not as good as others, kaeldor and school boys too small, tsaeytte too small, but not unrealisticly so.",pass,,pass,,pass,,pass,,pass,,reuse,,,
9251a52d,Chapter-03-Collision,1101,pass,,pass,,pass,,pass,,pass,,pass,,pass,,fail,White space between legs and feet of characters. Ground Tsaeytte is sitting on doesn't match ground Kaeldor and schoolboys are walking on.,pass,,pass,,pass,,pass,,pass,,pass,,pass,,pass,,fail,White space between legs and feet of characters. Ground Tsaeytte is sitting on doesn't match ground Kaeldor and schoolboys are walking on.,pass,,pass,,pass,,reuse,,,
a404fb72,Chapter-01-Standing-in-Wonder,1102,fail,"Tsaeytte's hair is missing, Kaeldor and schoolboys subscene appears duplicated and superimposed.",pass,,pass,,pass,,fail,"Kaeldor and the schoolboys subscene floating, tsaeytte appears as a giant.",fail,"Kaeldor and schoolboys subscene ground is not integrated into background, but sky is.",pass,,fail,Tsaeytte's shadow strange.,fail,,pass,"technically kind of accurate, but defects overwhelm",fail,"Tsaeytte's hair is missing, Kaeldor and schoolboys subscene appears duplicated and superimposed.",pass,,pass,,pass,,fail,"Kaeldor and the schoolboys subscene floating, tsaeytte appears as a giant.",fail,"Kaeldor and schoolboys subscene ground is not integrated into background, but sky is.",fail,Tsaeytte's shadow strange.,fail,,pass,"technically kind of accurate, but defects overwhelm",pass,,reuse,,,
a6df706a,Chapter-01-Standing-in-Wonder,1106,pass,,pass,,pass,,pass,,pass,,pass,,pass,,pass,,pass,,pass,,pass,,pass,,pass,,pass,,pass,,pass,,pass,,pass,,pass,,pass,Text is small,reuse,,,
aba0beb7,Chapter-03-Collision,1104,pass,,pass,,pass,,pass,,pass,,pass,,pass,,fail,D,pass,,pass,,pass,,pass,,pass,,pass,,pass,,pass,,fail,D,pass,,pass,,pass,,reuse,,,
acc66ea2,Chapter-02-At-the-Arch,1108,fail,A,pass,,pass,,pass,,fail,B,fail,Seams,fail,Duplicated speech bubbles,fail,"Seams, discontinuities, white space around feet of all characters.",fail,,fail,,fail,A,pass,,pass,,pass,,fail,B,fail,Seams,fail,"Seams, discontinuities, white space around feet of all characters.",fail,,fail,,fail,"Old bubble still present, arrow on new bubble is awkwardly constructed.",replace,"[0.3806818181818182, 0.15943287037037038, 0.12293388429752067, 0.08518518518518518]","[0.3600206611570248, 0.22980324074074074]",
b242e8f9,Chapter-03-Collision,1103,pass,,pass,,fail,No books on ground.,pass,,pass,,pass,,fail,,pass,,pass,,pass,,pass,,pass,,fail,No books on ground.,pass,,pass,,pass,,pass,,pass,,pass,,pass,Arrow on new bubble is awkwardly constructed.,add,"[0.36542071554770317, 0.4133846017069701, 0.1413427561837456, 0.04267425320056899]","[0.3424525176678445, 0.4503689544807966]",
b6764181,Chapter-03-Collision,1105,pass,,pass,,fail,No books on ground.,pass,,fail,Tsaeytte too large. D,pass,,fail,No bubble,pass,,pass,,fail,,pass,,pass,,fail,No books on ground.,pass,,fail,Tsaeytte too large. D,pass,,pass,,pass,,fail,,pass,Arrow on new bubble is awkwardly constructed.,add,"[0.36542071554770317, 0.433299253200569, 0.1431095406360424, 0.04551920341394026]","[0.34421930212014135, 0.4731285561877667]",
bd90b5d7,Chapter-03-Collision,1108,pass,,pass,,pass,,pass,,pass,,pass,,pass,,fail,"Whitespace between legs and feet, seam in ground between Kaeldor and Tsaeytte",pass,,pass,,pass,,pass,,pass,,pass,,pass,,pass,,fail,"Whitespace between legs and feet, seam in ground between Kaeldor and Tsaeytte",pass,,pass,,pass,,reuse,,,
c05e9cad,Chapter-01-Standing-in-Wonder,1101,fail,"No Kaeldor, Tsaeytte's head and face are deformed.",pass,,unassessable,,pass,,pass,,fail,"The part of the archway behind Tsaeytte's head is missing, as if it was masked out or something.",pass,,pass,,fail,Missing Kaeldor is a major fail.,fail,Missing Kaeldor,fail,"No Kaeldor, Tsaeytte's head and face are deformed.",pass,,unassessable,,pass,,pass,,fail,"The part of the archway behind Tsaeytte's head is missing, as if it was masked out or something.",pass,,fail,Missing Kaeldor is a major fail.,fail,Missing Kaeldor,pass,,reuse,,,
c0a516e1,Chapter-01-Standing-in-Wonder,1108,fail,"Kaeldor and schoolboys subscene duplicated and overlaid on itself, tsaeytte has no hair (it is transparent where it should be - this is the case for all these failures of ""no hair"" - it is tranparent, not that Tsaeytte is bald.",pass,,pass,,pass,,fail,"Kaeldor and schoolboys are floating, tsaeytte is too large.",fail,,pass,,fail,"kaeldor and schoolboys floating, strange lines/shadows around tsaeytte's feet.",fail,,pass,Technically elements are there in approximate the right place.,fail,"Kaeldor and schoolboys subscene duplicated and overlaid on itself, tsaeytte has no hair (it is transparent where it should be - this is the case for all these failures of ""no hair"" - it is tranparent, not that Tsaeytte is bald.",pass,,pass,,pass,,fail,"Kaeldor and schoolboys are floating, tsaeytte is too large.",fail,,fail,"kaeldor and schoolboys floating, strange lines/shadows around tsaeytte's feet.",fail,,pass,Technically elements are there in approximate the right place.,pass,,reuse,,,
c115d3f2,Chapter-03-Collision,1104,pass,,pass,,pass,,pass,,fail,D,pass,,fail,,pass,,fail,,fail,,pass,,pass,,pass,,pass,,fail,D,pass,,pass,,fail,,fail,,pass,Arrow on new bubble is awkwardly constructed.,add,"[0.38132177561837455, 0.43187677809388336, 0.13604240282685512, 0.03982930298719772]","[0.3601203621908127, 0.46601618065433853]",
c80f819a,Chapter-03-Collision,1108,pass,,pass,,pass,,pass,,fail,D,pass,,pass,,pass,,pass,,fail,,pass,,pass,,pass,,pass,,fail,D,pass,,pass,,pass,,fail,,pass,,reuse,,,
ccb14de2,Chapter-01-Standing-in-Wonder,1107,fail,kaeldor and schoolboys subscene is duplicated and overlaid on itself. Tsaeytte's hair is missing,pass,,pass,,pass,,fail,"Kaeldor and schoolboys subscene floating, Tsaeytte too large",unassessable,"Too many other issues, can't tell.",pass,,fail,"Floating subscene, missing hair.",fail,,pass,Elements are there.,fail,kaeldor and schoolboys subscene is duplicated and overlaid on itself. Tsaeytte's hair is missing,pass,,pass,,pass,,fail,"Kaeldor and schoolboys subscene floating, Tsaeytte too large",unassessable,"Too many other issues, can't tell.",fail,"Floating subscene, missing hair.",fail,,pass,Elements are there.,pass,,reuse,,,
cd364e03,Chapter-03-Collision,1102,pass,,pass,,pass,,pass,,pass,,pass,,pass,,fail,White space between character's feet and legs. Seam in ground.,pass,,pass,,pass,,pass,,pass,,pass,,pass,,pass,,fail,White space between character's feet and legs. Seam in ground.,pass,,pass,,pass,,reuse,,,
cdd4b066,Chapter-02-At-the-Arch,1108,fail,"Tsaeytte's arms are backwards, one of Valindia's hands is missing",fail,Tsaeytte's arms are backwards,pass,,pass,,pass,,pass,,pass,,pass,,fail,,pass,,fail,"Tsaeytte's arms are backwards, one of Valindia's hands is missing",fail,Tsaeytte's arms are backwards,pass,,pass,,pass,,pass,,pass,,fail,,pass,,pass,,reuse,,,
d14dbc18,Chapter-03-Collision,1107,pass,,pass,,pass,,pass,,fail,D,pass,,pass,,pass,,pass,,pass,,pass,,pass,,pass,,pass,,fail,D,pass,,pass,,pass,,pass,,pass,,reuse,,,
d262dd06,Chapter-01-Standing-in-Wonder,1105,fail,E,pass,,pass,,pass,,fail,Tsaeytte is too large.,fail,E,pass,,fail,E,fail,,fail,,fail,E,pass,,pass,,pass,,fail,Tsaeytte is too large.,fail,E,fail,E,fail,,fail,,pass,,reuse,,,
dc2ad7eb,Chapter-02-At-the-Arch,1101,pass,,pass,,pass,,fail,Tsaeytte should be looking toward Valindia,pass,,pass,,fail,Speech bubble arrow not aimed at Valindia and is too far away from her.,pass,,pass,,pass,,pass,,pass,,pass,,fail,Tsaeytte should be looking toward Valindia,pass,,pass,,pass,,pass,,pass,,fail,"Old bubble still present, arrow on new bubble is awkwardly constructed.",replace,"[0.1802685950413223, 0.2075810185185185, 0.10640495867768596, 0.07777777777777778]","[0.15857438016528927, 0.28350694444444446]",
dd9b2980,Chapter-01-Standing-in-Wonder,1104,fail,Completely wrong head/hair for Tsaeytte.,pass,,pass,,pass,,pass,Kaeldor and schoolboys might be a bit small.,pass,,fail,"Speech bubble in wrong location, arrow not pointing toward speaker.",pass,,pass,,pass,,fail,Completely wrong head/hair for Tsaeytte.,pass,,pass,,pass,,pass,Kaeldor and schoolboys might be a bit small.,pass,,pass,,pass,,pass,,pass,,replace,"[0.3113339552238806, 0.22561788762446658, 0.23880597014925373, 0.06685633001422475]","[0.5714618869936035, 0.29389669274537694]",
df003f0c,Chapter-03-Collision,1107,pass,,pass,,pass,,pass,,pass,,pass,,pass,,fail,"Whitespace between legs and feet, seam in ground between Kaelsor and Tsaeytte",pass,,pass,,pass,,pass,,pass,,pass,,pass,,pass,,fail,"Whitespace between legs and feet, seam in ground between Kaelsor and Tsaeytte",pass,,pass,,pass,,reuse,,,
ee5de77a,Chapter-02-At-the-Arch,1102,pass,,fail,Tsaeytte should be facing Valindia and on the other side of the image.,pass,,fail,"Valindia facing where Tsaeytte should be, but Tsaeytte is in the wrong place.",pass,,pass,,pass,,pass,,fail,"Motion is good, placement is wrong.",fail,Does not read like Valindia is addressing Tsaeytte.,pass,,fail,Tsaeytte should be facing Valindia and on the other side of the image.,pass,,fail,"Valindia facing where Tsaeytte should be, but Tsaeytte is in the wrong place.",pass,,pass,,pass,,fail,"Motion is good, placement is wrong.",fail,Does not read like Valindia is addressing Tsaeytte.,pass,,reuse,,,
f38211d4,Chapter-02-At-the-Arch,1106,pass,,fail,Tsaeytte on wrong side of image,pass,,fail,Tsaeytte should be somewhat facing Valindia,pass,,pass,,fail,Confusion as to speaker (with Tsaeytte in the wrong place).,pass,,pass,,fail,Not authored interaction between Valindia and tsaeytte.,pass,,fail,Tsaeytte on wrong side of image,pass,,fail,Tsaeytte should be somewhat facing Valindia,pass,,pass,,pass,,pass,,fail,Not authored interaction between Valindia and tsaeytte.,fail,"Old bubble still present, arrow on new bubble is awkwardly constructed.",replace,"[0.26291322314049587, 0.07239583333333334, 0.09710743801652892, 0.12777777777777777]","[0.24638429752066116, 0.17239583333333333]",
f83ac12c,Chapter-02-At-the-Arch,1101,pass,,fail,"Tsaeytte's left arm/hand is not right, her right arm not much better. Does not read like she is carrying a stack of books.",pass,,pass,,pass,,pass,,fail,speech bubble arrow at wrong end of bubble,pass,,pass,,pass,,pass,,fail,"Tsaeytte's left arm/hand is not right, her right arm not much better. Does not read like she is carrying a stack of books.",pass,,pass,,pass,,pass,,pass,,pass,,pass,,fail,"Old bubble still present, no arrow on new bubble.",replace,"[0.3021694214876033, 0.15943287037037038, 0.10330578512396695, 0.06481481481481481]","[0.28460743801652894, 0.22424768518518517]",
fa79140b,Chapter-02-At-the-Arch,1102,pass,,fail,Tsaeytte should be facing Valindia,pass,,fail,Tsaeytte should be facing Valindia,pass,,fail,Much of the background is missing (just white space above and to the sides of the archway),fail,wrong place,fail,It looks like Valinda might be rendered on top of Tsaeytte's dress.,fail,,fail,,pass,,fail,Tsaeytte should be facing Valindia,pass,,fail,Tsaeytte should be facing Valindia,pass,,fail,Much of the background is missing (just white space above and to the sides of the archway),fail,It looks like Valinda might be rendered on top of Tsaeytte's dress.,fail,,fail,,fail,bubble in wrong place,unsafe,,,
